Headlines,Category,Time
BBC in Umayyad Square amid deafening gunfire,Middle East,13:12:15
Watch: Presidential palace stormed in Damascus,Middle East,12:49:15
Watch: BBC reports from inside Damascus,Middle East,09:47:15
Where is Bashar al-Assad?,Middle East,11:47:15
Who are the rebels in Syria?,Middle East,10:47:15
New images released as hunt for New York shooter continues,US & Canada,08:47:15
Prithvi Shaw: The rise and fade of Indian cricket's wonder boy,Asia,00:47:15
New images released as hunt for New York shooter continues,US & Canada,08:47:15
Ghana vice-president accepts defeat in presidential election,Africa,12:50:15
"On secret military island, a mother strives to raise her children normally",UK,00:47:15
Notre-Dame: World leaders join Macron for cathedral reopening,Europe,21:47:15
Prithvi Shaw: The rise and fade of Indian cricket's wonder boy,Asia,00:47:15
'I booked The Killers as a favour to play in a room above a pub',Lincolnshire,00:47:15
Your pictures on the theme of 'fluids',In Pictures,00:47:15
'I booked The Killers as a favour to play in a room above a pub',Lincolnshire,00:47:15
How a uranium mine became a pawn in the row between Niger and France,World,01:47:15
'Itâ€™s an old person's drink.' Is Britain's love for tea cooling off?,Business,00:47:15
Your pictures on the theme of 'fluids',In Pictures,00:47:15
More than 150 people rescued from abandoned gold mine in South Africa,Africa,NA
Moment Georgian press attacked by masked men,Europe,00:47:15
'Are we about to repeat history?': Martial law's traumatic legacy in South Korea,Asia,NA
"The house with the 24,000 light Christmas display","Edinburgh, Fife & East",NA
More than 150 people rescued from abandoned gold mine in South Africa,Africa,NA
"The house with the 24,000 light Christmas display","Edinburgh, Fife & East",NA
Premier League: Build-up to four games as Fulham host Arsenal,NA,NA
Champions Cup: Leicester lead Bordeaux in five-try first half - radio & text,NA,NA
Premier League: Build-up to four games as Fulham host Arsenal,NA,NA
WSL: Man Utd hit four against Liverpool,NA,NA
Tavernier stunner extends Rangers' lead against County - radio & text,NA,NA
Champions Cup: Leicester lead Bordeaux in five-try first half - radio & text,NA,NA
